제목,카테고리,10~20대,30대,40대,성별선호도,조회수,평점,키워드,회차
교육자,"드라마,판타지,일상",상,중,하,남성,962374,9.8,"액션,사이다,먼치킨",200
천마환생,"무협/사극,액션,판타지",중,상,하,남성,193157,9.6,"액션,환생,동양풍판타지",73
검감신,"무협/사극,액션,판타지",중,상,하,남성,247431,9.7,"회귀,액션,성장물",139
내딸나닮았어,"드라마,스릴러",상,중,하,여성,700759,9.9,"시리어스,범죄,고자극",163
한끼백수,"드라마,로맨스,일상",중,상,하,여성,503687,9.9,"음식&요리,감성드라마,공감",236
소년의세계,"드라마,일상",상,중,하,여성,1125537,9.9,"설렘,우정,청춘",472
귀촌,스릴러,하,상,중,남성,333589,9.6,"고자극,시리어스,범죄",75
시한부천재,"무협/사극,액션,판타지",하,중,상,남성,133065,9.7,"동양,모험,복수극",47
영혼의소리,"개그,일상",하,상,중,남성,85236,9.4,"개그,공감,병맛",98
암살가문막내,"판타지,액션",하,상,중,남성,243763,9.2,"아카데미물,액션판타지",85
십상시소녀,"판타지,액션",상,중,하,여성,57598,9.8,"하렘,러브코미디,청춘",11
숨기지마라강속구,"스포츠,드라마,감성",하,상,중,남성,160949,9.2,"청춘,로맨스,회귀",101
귀속아이템내꺼,"판타지,액션",상,중,하,남성,387222,8,"사이다,아포칼립스,게임판타지",142
아들들,"스릴러,일상",하,상,중,여성,49129,9.7,"고자극,드라마,시리어스",14
사천당가의파브르,"무협/사극,액션,판타지",중,상,하,남성,100928,9.9,"동양,빙의,동물",46
휴직로그,"로맨스,일상",하,상,중,남성,133394,9.9,"오피스,로맨스코미디,러브코미디",25
어른이집다녀?,일상,하,상,중,여성,115770,9.8,"공감,무해한,힐링",168
아포칼리스를숨김,"스릴러,액션,판타지",상,중,하,남성,1101261,9.4,"크리처,고인물,서바이벌",62
별식당,"드라마,일상",중,상,하,남성,153294,9.3,"감성적인,힐링,성장물",123
무협전,"무협/사극,액션,판타지",상,중,하,남성,87947,9.8,"동양,시대물,성장물",53
재의기사,"판타지,액션",중,상,하,남성,295570,9.9,"마법,성장물,세계관",202
영업천재,"판타지,일상",하,중,상,남성,67791,9.9,"현대,오피스,회귀",76
샤먼,판타지,상,하,중,남성,36577,9.9,"자본주의,인생역전",10
결별리뷰,"로맨스,일상",상,중,하,여성,187067,9.8,캠퍼스로맨스,36
정신차리자,로맨스,상,중,하,여성,93119,9.7,로맨스,51
토마토,"로맨스,일상",상,중,하,여성,350856,9.5,"청춘,짝사랑",113
불꽃처럼살겠다,"무협/사극,액션,판타지",중,하,상,남성,41492,9.8,액션,41
최적의시대,액션,상,중,하,남성,96286,9.8,액션,40
일상묵시룩,"액션,판타지,스릴러",하,중,상,남성,82859,9.8,"시리어스,절망적,현대",89
구역관리동아리,스릴러,하,상,중,남성,117724,9.6,"고자극,크리처,괴담",27
천마우주가다,"무협/사극,액션,판타지",하,중,상,남성,54583,9.6,"고인물,아포칼립스,힘숨찐",56
독립반대,"일상,로맨스",상,중,하,여성,159358,9.7,"악역,미녀,로맨티코미디",74
신입반갑구야,"개그,일상",하,중,상,여성,26981,9.5,"일상,힐링,개그",110
영웅만들기,"판타지,액션",하,중,상,남성,81854,8.4,"판타지,전쟁,상처",985
삽질하자,"개그,판타지",상,하,중,남성,43784,9.5,"게임,배틀,고인물",19
침입자가다정하다,"로맨스,일상",상,중,하,여성,57705,9.7,"능글남,청춘",7
여름이오다,"로맨스,일상",중,상,하,여성,49598,9.8,"로맨스,미스터리,오피스",12
재능넘치는놈,"판타지,액션",상,중,하,남성,96644,9,"게임,사이다,이능력",86
결혼이꿈,"로맨스,스릴러",하,중,상,여성,43721,9.4,"복수극,능력녀,현대",13
클릭실수,"판타지,액션",상,중,하,남성,204201,9.8,"게임,학원액션,성장물",211
귀신신,스릴러,하,상,중,남성,12564,9.5,"공포,귀신,구원",8
학원일담,"일상,개그",상,하,중,여성,49260,9.3,"공감,가벼움,힐링",143
리치블랙,"액션,스릴러,드라마",상,중,하,남성,48937,8.3,액션,41
몬스터힐링,"판타지,액션",중,상,하,남성,13694,9.7,"힐링,인외,음식",8
자유지,로맨스,상,중,하,여성,50335,9.4,로맨스,17
납치결혼,로맨스,중,상,하,여성,57942,9.3,로맨스,36
세상이망하지않는다,"판타지,액션",상,중,하,남성,35648,9.6,"현대,게임,생존",28
소소한행복,"개그,일상",하,상,중,여성,16632,9.9,"가벼운,힐링",68
비서왕따,로맨스,하,상,중,남성,48306,9.8,"리얼,현대,오피스",30
친절의왕,액션,상,중,하,남성,111049,9.7,"소년물,성장물,격투기",69
잘자라라,"일상,드라마",하,중,상,남성,48181,9.9,"블랙코미디,사회고발,가족",85
기생문,스릴러,상,중,하,남성,25486,9.2,"현대,오피스,미스터리",60
트럭기사기사,"판타지,개그",상,중,하,남성,34543,9.9,"치명적인,중년",38
대첩,로맨스,상,중,하,남성,56405,9.6,"리얼,설렘,헌신",44
악녀사랑,"판타지,로맨스",상,중,하,여성,67217,9.9,"능력남,유혹,짝사랑",43
완두콩먹방,"개그,일상",상,중,하,남성,21642,9.9,"열혈,액션,가벼운",16
축구의왕,"스포츠,드라마,일상",상,중,하,남성,22295,9.9,"성장,축구",33
철지난랭커,"판타지,액션",상,중,하,남성,35507,9.6,"모험,우정,성장",16
꽃밭관리,"로맨스,판타지",상,중,하,여성,89639,9.9,"성장,서양,환생",68
웃는얼굴,"액션,판타지",중,상,하,남성,25627,9.9,"액션판타지,중세판타지,서양",19
돌아온플레이어,"판타지,액션",중,상,하,남성,249176,9.8,"아포칼립스,회귀",42
프린세스흑염,판타지,상,중,하,여성,27860,9.9,소설원작,20
이혼의결말,로맨스,상,중,하,여성,34792,9.6,"능력녀,후회녀,후회물",20
리서치,판타지,상,중,하,남성,109340,9.9,판타지,168
일찐교실,드라마,상,중,하,여성,71039,9.9,"복수극,학원물,사이다",97
올드앤푸어,"개그,일상",상,중,하,여성,53007,9.9,"할리퀸,청춘,능력남",138
결혼보다연애,로맨스,상,중,하,남성,49225,9.8,"혐관,순진녀,직진남",37
공주의소꿉친구,"로맨스,판타지",중,상,하,여성,49278,9.8,"서양,로판,소설원작",41
황후마리아,"드라마,로맨스",중,상,하,남성,45692,9.8,"중세,서양,시대물",25
군대닥터,액션,상,중,하,남성,7012,9.5,액션,22
제목없음,"드라마,일상,로맨스",상,중,하,남성,38606,9.9,"동아리,힐링,하이틴",51
영웅과영웅,"로맨스,판타지",상,중,하,여성,81001,9.9,"집착남,사연녀,다정남",115
해피엔딩을위하여,"판타지,드라마",중,상,하,여성,24869,9.4,"능력남,능력녀",101
하나하나,"드라마,스릴러",중,상,하,여성,51213,9.8,"연예계,자극적,시리어스",80
요리사천마,"판타지,일상",하,중,상,남성,26987,9.6,"이능력,크리처,상태창",50
알트x,로맨스,상,중,하,남성,44079,9.5,"연예계,능력녀,전남친",108
스프라이트걸,드라마,상,중,하,여성,32034,9.7,드라마,104
패스트다이브,스포츠,상,중,하,남성,6203,9.9,"청춘,성장",16
호로맨스,로맨스,상,중,하,여성,19708,10,"햇살남,무심남,순정남",23
내연애는개같다,"로맨스,일상,드라마",상,중,하,여성,10049,9.7,"가족,능력녀,동물",26
신의아이,"로맨스,일상",상,중,하,남성,48214,9.9,"현대,신화,오컬트",62
컨트롤c컨트롤v연애,"드라마,로맨스,판타지",상,중,하,여성,25708,9.5,"sf,미남,미스터리",44
늑대잡이,판타지,하,상,중,남성,8639,9.3,"동양풍,구원서사",30
김차장,"액션",상,중,하,남성,698797,9.6,"가족,중년,참교육",195
괴물 난신,"무협/사극,액션",상,중,하,남성,346969,9.9,"오컬트,동양풍판타지,판무",73
우롱 마지노,"판타지,액션",중,상,하,남성,146890,9.4,"모험,소년왕도물",13
절대왕자,"무협/사극,액션",상,중,하,남성,275019,9.9,"고인물,타임슬립,회귀",52
경기도 자가에 중소기업 다니는 김 부장 이야기,"드라마",하,중,상,남성,130350,9.9,"오피스,사회고발,중년",83
중고사원 김철수,"판타지,드라마,일상",중,하,상,남성,138871,9.6,"오피스,청춘,타임슬립",107
삼섭의 연애,"로맨스",중,상,하,여성,464033,9.8,"오피스,현대,햇살남",83
마음의소리:더스토리,"개그,일상",하,중,상,남성,85236,9.9,"열혈병맛개그,공감,가벼운",89
중증내상센터:내과의사 백강혁,"드라마",중,하,상,남성,181168,9.9,"성장물,의학드라마,드라마&영화원작웹툰",26
레벨1 고블린,"액션,판타지",상,중,하,남성,82588,9.7,"게임,병맛,개그",11
내면의소리2,"개그,일상",하,중,상,남성,235711,9.9,"공감,결혼생활,일상개그힐링",99
사신청년,"액션,판타지",상,중,하,남성,673256,9.8,"학원액션,소년물,현대",289
88교시 생존수업,"스릴러",중,상,하,남성,170723,9.9,"학원액션,서바이벌,서스펜스",22
멸망 이전의 세계,"판타지,액션",상,중,하,남성,417787,9.9,"세계관,차원이동,아포칼립스",181
돌아온 용병은 다 계획이 있다,"판타지,액션",상,중,하,남성,129346,9.9,"참교육,회귀,복수극",48
시한부인 줄 알았으나 아니였어요!,"로맨스,판타지",상,중,하,여성,447573,9.9,"햇살캐,궁중로맨스,계약연애",111
천마는 평범하게 산다,"판타지,액션",중,상,하,남성,206531,7.4,"소설원작,빙의",165
잡아먹어서 안달,"로맨스,드라마",중,상,하,여성,339234,9.9,"자극적인,혐관,할리퀸",100
신림체육관,"액션",상,중,하,남성,298866,9.6,"소년물,격투기,학원물",239
아카데미 플레이어를 살렸다,"판타지,액션,드라마",상,중,하,남성,173608,9.8,"게임,마법,아카데미물",80
흑검전설,"개그,판타지",중,상,하,남성,105831,9.9,"사이다,중세,모험",73
김씨세가 시한부 공자,"판타지,무협/사극,액션",상,중,하,남성,84000,9.7,"모험,환생,성장물",69
하북팽이버섯 막내아들,"무협/사극,액션,판타지",상,중,하,남성,137611,9.8,"사이다,환생,고인물",193
내 남편의 애인에게,"로맨스,판타지",상,중,하,여성,163307,9.9,"자극적인,유혹남,복수극",89
귀신혼인,"드라마,로맨스,판타지",중,상,하,여성,149018,9.6,"동양풍로맨스,시대물,이세계",43
인탐자,"무협/사극,액션",중,상,하,남성,121381,9.9,"소년왕도물,모험",80
신과함께 회귀한 기사왕님,"판타지,액션",상,중,하,남성,125009,8.3,"사이다,회귀,헌터물",122
아포칼립스에 쿠팡을 숨김,"판타지,액션",중,상,하,남성,69877,9.9,"사이다,상태창,이능력",53
귀신의 탈,"판타지,드라마",중,하,상,남성,154113,9.9,"동양,소년물,오컬트",74
오변괴담,"스릴러",중,하,상,남성,113402,9.9,"역사물,빙의,괴담",116
염화강림,"판타지,액션",중,상,하,남성,154536,9.9,"동양,신화,오컬트",96
내국인 공포만화,"스릴러,개그",중,하,상,남성,298814,9.8,"병맛,오컬트,괴담",418
긁고 싶은 복권,"드라마",중,하,상,여성,104168,9.8,"자극적인,인생역전,환골탈태",55
공작가의 비밀스러운 시녀님,"로맨스,판타지",중,상,하,여성,159438,9.9,"서양,왕족/귀족,외유내강녀",49
445KM,"드라마,액션,감성",하,중,상,남성,33888,9.8,"생존,모험,아포칼립스",13
냥집사,"일상,개그,감성",중,하,상,여성,46549,9.9,"일상개그힐링,공감,가벼운",111
좀비상종,"판타지,액션,개그",중,상,하,남성,15507,9.7,"아포칼립스",7
저 그런 인재 맞습니다,"판타지,액션",중,상,하,여성,317881,9.9,"세계관,이세계,다크히어로",92
은주의 방,"드라마,로맨스,일상",하,중,상,여성,156243,9.9,"리얼로맨스,공감,첫사랑",474
스프링브리즈,"로맨스,감성",중,하,상,여성,90592,9.9,"현대,사연남,햇살캐",27
백만청춘,"로맨스,일상,개그",중,하,상,여성,119770,9.9,"우정,청춘,성장물",57
사표내고 현생에서 힐링합니다,"판타지,개그,감성",중,상,하,여성,130489,9.9,"이세계요리,가벼운,힐링",135
마교 교주의 남편이 되었다,"무협/사극",상,중,하,여성,32459,8.6,"까칠녀,회귀,복수극",23
나랑결혼할래,"일상,개그",하,중,상,여성,329269,9.9,"공감,결혼생활,가족",1170
천공자,"액션",상,중,하,남성,113854,9.9,"복수극,느와르",50
연우의 우정,"감성,로맨스,드라마",중,상,하,여성,276448,9.9,"청춘,햇살남,학원",202
나만 보는 탑 공략집,"판타지,액션",상,중,하,남성,84266,9.8,"게임,상태창,배틀",77
한계 찢는 평범한 마법사,"판타지,액션",상,중,하,남성,32612,9.7,"사이다,생존,이능력",19
살아서 천국에 가다,"드라마,감성",하,중,상,여성,51884,9.9,"눈물샘자극,무해한,회귀",62
인공낙원,"판타지",중,상,하,여성,96473,9.9,"sf,이세계,인외존재",51
킹메이커,"액션,드라마",상,중,하,남성,126265,9.8,"사이다,학원,자극적인",122
악당은 죽는다,"판타지,액션",상,중,하,남성,193169,9.9,"사이다,현대,피카레스크",198
야만의 결혼생활,"로맨스,드라마",상,중,하,여성,58127,9.8,"성장로판,왕족/귀족,능력남",44
아랫집 윗집 층간소음 사이에,"로맨스,드라마",중,하,상,여성,34064,9.6,"자극적인,혐관로맨스",37
대공님의 신부는 지옥의 장군,"판타지,로맨스",상,중,하,여성,41258,9.9,"대형견남,직진녀,소설원작",19
그저그런 선생님,"일상,로맨스,드라마",중,하,상,여성,95524,9.9,"공감,청춘,무해한",274
처음도 나중도 아닌데,"로맨스,드라마",중,상,하,여성,55045,9.9,"오피스,재회,사내연애",23
청춘 블라썸,"로맨스,감성",상,중,하,여성,322383,9.9,"리얼로맨스,캠퍼스,청춘",43
목표,"판타지,액션,개그",중,상,하,남성,148586,9.8,"배틀,이능력,sf",548
다시 시작된 흑역사,"로맨스",상,중,하,여성,81326,9.9,"청춘,설렘폭발,타임슬립",101
핑퐁핑퐁,"스포츠,드라마",중,하,상,여성,50588,9.8,"청춘,성장드라마,풋살",45
불행은 늘 곁에 있다,"로맨스,드라마",중,상,하,여성,127812,9.9,"현대,동양,신화",60
방어 파괴자,"판타지,액션",상,중,하,남성,7965,9.5,"모험,상태창,소년물",8
니남친 킹카만들기,"로맨스,개그",중,상,하,여성,130209,9.9,"청춘,햇살녀,가벼운",142
집착남주의 전여친이 되었다,"로맨스,판타지",상,중,하,여성,96916,9.7,"집착물,빙의,소설원작",79
인생니꺼,"드라마,로맨스,개그",중,상,하,여성,38002,9.7,"공감,재벌녀,가벼운",33
도 넘은 결혼생활,"로맨스,드라마",중,상,하,여성,36551,9.8,"러브코미디,설렘폭발,결혼생활",36
1회용 히어로,"액션,판타지",상,중,하,남성,55674,9.9,"현대,이능력,빌런",77
가짜 성자를 지켜라!,"판타지,로맨스",상,중,하,여성,6902,9.9,"마법,학원,왕족/귀족",6
아카데미가 망해 간다,"판타지,개그",상,중,하,남성,40175,9.7,"학원,성장물,힘숨찐",60
원시인 김길동,"판타지,개그",상,중,하,남성,11573,9.8,"환생",37
완벽한 실눈캐를 연기하다,"판타지,액션",상,중,하,남성,25747,9.8,"소설원작",24
연애 못하면 죽음 뿐,"로맨스,개그",중,상,하,여성,29929,9.9,"환생,재벌남,혐관",40
검붉은 이정표,"액션,판타지",상,중,하,남성,67665,9.9,"사이다,이능력,모험",144
자살기관,"스릴러,드라마",중,하,상,여성,50020,9.9,"자극적인,사회고발,미스터리",55
대리시험,"스릴러,드라마,액션",중,하,상,남성,20214,9.3,"자극적인,게임,참교육",116
던전공략은 지루하다,"판타지,액션",상,중,하,남성,21953,9.5,"사이다,게임,상태창",60
멀리서 온 에실리,"로맨스,개그",중,상,하,여성,6127,9.8,"현대,명랑녀,가벼운",7
빛나는 나나너너,"로맨스,드라마",상,중,하,여성,158985,9.9,"현대,혐관,학원",59
연정하는 연서,"드라마,로맨스",중,하,상,여성,11976,8.5,"자극적인,우정,청춘",44
하늘 눈의 기사,"로맨스,드라마",상,중,하,여성,15203,9.8,"동양,혐관,복수극",15
김천재박만재최백재,"드라마,일상,개그",하,중,상,여성,11130,9.9,"가족,힐링,가벼운",35
시한부 황후의 마지막 발악,"로맨스",상,중,하,여성,15160,9.8,"자극적인,왕족/귀족,타임슬립",70
헬스로 로맨스 찍기,"로맨스,개그",중,상,하,여성,13452,9.8,"리얼로맨스,청춘,햇살녀",72
문어숙희 연대기,"드라마",중,하,상,여성,15253,9.1,"생존,우정,성장물",64
사장님과 여왕님 딸,"로맨스,판타지,개그",하,중,상,여성,17763,9.9,"인소감성,가벼운,햇살캐",57
실링 스프리,"스포츠",중,상,하,남성,19464,9.8,"게임,소년물,성장물",63
똑똑한 고양이 김순자,"개그,일상",하,중,상,여성,5985,9.4,"힐링,동물",80
두 번 빼앗긴 남편,로맨스,하,상,중,여성,47039,9.88,"사이다, 빙의, 로판",6
쌉초의 난,일상,하,중,상,여성,188862,9.98,"일상개그힐링, 가벼운, 무해한",138
중간에서 만나,로맨스,중,상,하,여성,436801,9.95,"미친작화, 햇살캐, 폭스남",94
흔한 빙의물인 줄 알았다,로맨스,상,중,하,여성,307287,9.97,"서양, 결혼생활, 왕족/귀족",105
조조코믹스,로맨스,하,중,상,여성,441344,9.96,"리얼로맨스, 러블리, 비밀연애",181
전지적 독자 시점,판타지,상,중,하,남성,1295330,9.95,"게임, 세계관, 아포칼립스",273
미연,로맨스,하,상,중,여성,199616,9.98,"감성적인, 소심녀, 타임슬립",17
베이비 폭군,로맨스,상,중,하,여성,328772,9.97,"성장로판, 서양, 환생",116
명품관의 진상,드라마,하,상,중,여성,46448,9.97,"직업드라마, 하이퍼리얼리즘, 성장드라마",39
겨울잠,스릴러,하,상,중,여성,46853,9.88,"생존, 공포",10
엔드리스 서머,로맨스,중,상,하,여성,132715,9.94,"리얼로맨스, 감성적인, 설렘폭발",49
계약 결혼 종료,로맨스,하,중,상,여성,40704,9.93,"설렘폭발, 결혼생활, 첫사랑",9
마른 가지에 바람처럼,로맨스,중,상,하,여성,459181,9.97,"설렘폭발, 서양, 이능력",219
어린이집 다니는 구나,일상,하,중,상,여성,115770,9.98,"공감, 무해한, 러블리",162
일렉시드,액션,상,중,하,남성,575276,9.84,"이능력, 배틀, 아카데미물",355
수인 보호소에서 남주를 입양해버렸다,로맨스,하,상,중,여성,126203,9.97,"순진남, 성장로판, 악역이주인공",81
품위증명,드라마,중,상,하,여성,78428,9.93,"시리어스, 현대, 하이틴",19
결혼은 당신 형과,로맨스,중,상,하,여성,59995,9.76,"현대, 재벌녀, 로맨스",27
종말이 찾아왔다,판타지,상,중,하,남성,194838,9.78,"액션아포칼립스, 생존, 스릴러",16
당신의 가격을 알려드립니다,스릴러,중,상,하,남성,30625,9.69,"현대판타지, 고자극드라마, 무비",2
나의 짭사랑,로맨스,상,중,하,여성,98806,9.96,"짝사랑녀, 아이돌, 짝사랑",27
잠겨죽어도,스릴러,상,하,중,여성,127644,9.96,"까칠녀, 고자극스릴러, 시리어스",62
천재는 평범하게 살기로 했더,드라마,중,하,상,남성,101272,9.96,"감성적인, 과거, 가족",30
당골,스릴러,하,중,상,남성,73899,9.95,"동양, 미스터리, 공포",15
전력고백,로맨스,상,중,하,여성,137879,9.92,"하이틴, 학원로맨스, 청춘로맨스",42
밥먹고가라,판타지,하,상,중,남성,62387,9.93,"액션판타지, 이능력, 크리쳐",11
신수 유치원,판타지,하,중,상,여성,88436,9.59,"무해한, 힐링, 동물",28
"시바, 만만치 않다",일상,하,상,중,여성,46775,9.97,"공감, 감성, 가벼운",56
방구석 재민이,개그,하,중,상,남성,35661,9.95,"공감, 게임, 생존",7
3인분,드라마,중,상,하,여성,27428,9.86,"자극적인, 계략남, 능력녀",22
미래의 골동품 가게,스릴러,하,상,중,여성,341892,9.98,"오컬트판타지, 시리어스, 현대",215
그림자의 밤,판타지,중,하,상,여성,210257,9.97,최강자전,80
어느 마법사의 식당,판타지,상,중,하,남성,175209,9.96,"마법, 힐링, 차원이동",86
마침표의 유예기간,로맨스,중,상,하,여성,55832,9.98,"연예계로맨스, 감성적인, 설렘폭발",52
마음의소리(였던 것),개그,하,중,상,남성,85237,9.95,"열혈병맛개그, 공감, 병맛",90
뽀대작렬,로맨스,하,상,중,여성,90138,9.95,"감성적인, 청춘, 명량녀",74
운명을 보는 회사원,판타지,중,상,하,남성,242641,9.95,"현대판타지, 현대, 오피스",129
신입은 낮져밤이,로맨스,중,상,하,여성,63726,9.91,"낮져밤이, 폭스남, 로맨스코미디",66
마님이네 미국 시골집 이야기,일상,하,중,상,여성,47988,9.03,"공감, 결혼생활, 가족",199
네 이웃을 사랑하라,스릴러,하,상,중,남성,21361,9.86,"고자극스릴러, 시리어스, 미스터리",3
귀령,드라마,하,상,중,여성,79754,9.96,"공포, 오컬트, 동양풍판타지",46
유사품에 주의하세요,로맨스,하,상,중,여성,16922,9.85,"순진남, 러브코미디, 연예계로맨스",11
짝사랑은 결혼으로 끝나지 않는다,로맨스,하,중,상,여성,54349,9.93,"서양, 결혼생활, 왕족/귀족",78
별을 품은 소드마스터,판타지,상,중,하,남성,304314,9.97,"중세판타지액션, 시리어스, 서양",95
메리 배드 19세,로맨스,상,중,하,여성,48510,9.52,"인소감성, 하이틴, 학원로맨스",44
아이스크림 소년,로맨스,상,하,중,여성,63480,9.93,"햇살녀, 학원로맨스, 까칠남",35
김영하 단편선,드라마,하,중,상,여성,43271,9.92,"명작, 고자극드라마, 감성적인",15
백XX,액션,중,상,하,남성,421324,9.85,"자극적인, 시리어스, 가족",132
모닥불 친구들,스릴러,하,중,상,여성,19454,9.95,"생존, 가족, 판타지",16
호호와 거난이 무삭제판,일상,하,중,상,여성,18848,9.9,"러브코미디, 일상개그힐링, 리얼로맨스",38
나쁜사람,액션,하,상,중,남성,415941,9.7,"사이다, 학원액션, 참교육",260
캐슬2:만인지상,액션,하,상,중,남성,327674,9.93,"사이다, 시리어스, 범죄",95
연애일기,로맨스,중,상,하,여성,50803,9.94,"리얼로맨스, 감성적인, 청춘",109
그랑메종 파리 제로,드라마,상,하,중,여성,4759,9.67,"우정, 청춘, 스핀오프",4
생존버스,스릴러,하,상,중,여성,60157,9.95,"고자극스릴러, 시리어스, 서양",60
더러운 것 가운데에서,로맨스,중,하,상,여성,26016,9.91,"유혹남, 계략남, 드라마",27
천마는 조용히 살고싶다,무협/사극,하,중,상,남성,97033,9.91,"동양, 환생, 고인물",34
범상찮은 밤,드라마,하,상,중,여성,56895,9.97,"시대물, 퓨전사극, 서스펜스",45
4년 6개월을 잃은 여자,로맨스,하,상,중,여성,32551,9.89,"감성적인, 미래, 로맨틱코미디",35
두 번 사는 프로듀서,판타지,하,상,중,남성,80036,9.9,"사이다, 인생역전, 직업드라마",199
내 분신이 거물이 되어간다,판타지,상,하,중,남성,73655,9.89,"액션판타지, 게임, 이능력",44
고백하면 끝나는 만화,로맨스,상,중,하,여성,56094,9.93,"청춘, 무심남, 명량녀",52
사천당가의 검신급 소가주가 되었다,무협/사극,중,상,하,남성,139216,9.87,"사이다, 소년물, 환생",71
왕따가 격투기를 너무 잘함,액션,상,중,하,남성,171722,9.82,"사이다, 현대판타지, 현대",126
조선왕조실톡,개그,중,하,상,여성,460123,9.82,개그,407
양아치와 조폭아가씨,드라마,하,상,중,여성,5052,9.81,"일상개그힐링, 일상, 가벼운",1
대장전,액션,상,중,하,남성,133519,9.9,"학원액션, 열혈, 자극적인",47
연기깡패,드라마,하,중,상,여성,28685,9.92,개그,23
소방관,드라마,하,중,상,남성,67638,9.94,"현대, 생존, 직업드라마",38
빌드업,스포츠,중,상,하,남성,315150,9.85,"축구, 소년왕도물, 스포츠성장",189
법법궤궤,판타지,하,상,중,여성,41994,9.96,"드라마, 스릴러, 성장물",58
말숙이를 부탁해,개그,중,하,상,남성,69122,9.94,"판타지개그, 크리처, 일상",106
줄리에게,로맨스,중,상,하,남성,42226,9.76,로맨스,51
레베카의 기도,드라마,상,하,중,여성,14252,9.81,"고자극드라마, 자극적인, 서양",31
뱀파이어의 연금술,판타지,상,중,하,남성,11617,9.81,"액션판타지, 소년물, 액션",6
첩자의 마교생활,무협/사극,상,하,중,남성,30781,9.81,"액션, 먼치킨, 소설원작",26
저주인형 김명자,드라마,중,상,하,여성,29755,9.93,"눈물샘자극, 무해한, 러블리",57
충남기행,드라마,하,중,상,여성,6468,9.91,드라마,8
낫오버,스포츠,하,중,상,남성,67129,9.95,"열혈, 우정, 라이벌",40
언덕 위의 제임스,개그,하,상,중,남성,155825,9.92,"열혈병맛개그, 블랙코미디, 옴니버스",496
망겜으로 기사회생,판타지,상,중,하,남성,42655,9.92,"액션판타지, 동양, 신화",40
영웅&마왕&악당,판타지,상,중,하,남성,97093,9.95,"판타지개그, 서양, 마법",138
좀비상조,스릴러,하,상,중,남성,26172,9.92,"미친작화, 아포칼립스, 좀비",51
급식아빠,액션,하,상,중,남성,334280,9.74,"사이다, 학원액션, 열혈",179
판타지 여동생!,판타지,상,중,하,남성,128231,9.85,"액션판타지, 마법, 크리처",303
강철을 먹는 플레이어,액션,상,하,중,남성,113125,9.8,"현대판타지, 상태창, 크리처",84
흑사,무협/사극,하,중,상,남성,97427,9.96,"정통무협, 시리어스, 동양",53
동반입대,드라마,중,하,상,남성,9598,9.85,"공감, 현대, 우정",29
우리의 연애일지,로맨스,상,중,하,남성,16049,9.55,"순진남, 리얼로맨스, 감성적인",121
데드포인트,스포츠,상,하,중,여성,18569,9.88,"소년물, 미친작화, 동아리",46
남제,액션,하,중,상,남성,38434,9.85,액션,33
멸종위기종인간,판타지,하,상,중,남성,54206,9.47,"자극적인, 절망적인, 현대",134
무림서부,무협/사극,하,상,중,남성,89374,9.95,"세계관, 힘숨찐, 판무",83
신입사원은 마왕,판타지,하,상,중,남성,38398,9.91,판타지,66
별과 사슬이 뜨는 섬,판타지,상,중,하,남성,28087,9.84,"액션판타지, 학원액션, 배틀",21
그랜드 피날레,판타지,하,중,상,남성,17209,9.96,판타지,13
발할라 사가,판타지,상,하,중,남성,42773,9.93,"하렘, 액션판타지, 판타지개그",39
여명의 등불,판타지,중,상,하,남성,32536,9.89,"모험, 액션, 세계관",50
정점의 별,액션,상,중,하,남성,40799,9.49,"SF액션, 무협/사극, 이능력배틀물",38
달마건,판타지,하,중,상,남성,9679,2.81,"판타지개그, 드라마, 성장물",28
어시스턴트,액션,하,중,상,남성,2870,9.61,"액션판타지, 생존, 데스게임",1
건곤불이기,무협/사극,중,하,상,남성,50165,9.91,"정통무협, 시리어스, 동양",50
나태한 마왕은 신과 싸우기로 결심한다.,액션,상,중,하,남성,32609,9.82,"중세판타지액션, 중세, 서양",57
칼부림,무협/사극,중,하,상,남성,77077,9.92,"시리어스, 과거, 동양",468
육아편지,일상,하,중,상,여성,489155,9.96,"일상, 공감, 힐링",163
나는마신,"무협/사극, 판타지, 액션",상,중,하,남성,698755,9.96,"무협/사극, 게임, 판무",270
서른 즈음에,"드라마, 일상",하,중,상,남성,120267,9.84,"드라마, 리얼로맨스, 공감",30
별 거겠지,"일상, 감성",상,중,하,여성,112430,9.9,"일상, 가족, 드라마",11
재벌집 첫째아들,"드라마, 판타지",중,상,하,남성,328870,9.94,"드라마, 재벌, 타임슬립",161
김여주 25살 이혼 두 달 차,"일상, 감성",하,중,상,여성,62547,9.97,"드라마, 감성, 연애/결혼공감",37
무사천리행,무협/사극,중,하,상,남성,249083,9.93,"무협/사극, 성장물, 판무",239
할배무사와 지존 손녀,"무협/사극, 액션",하,중,상,남성,136724,9.78,"정통무협, 가족, 액션",100
네모의소리,개그,상,중,하,남성,85239,9.95,"개그, 공감, 가벼운",96
풍작이에요 사장님!,"판타지, 개그",상,중,하,남성,100619,9.97,"판타지, 농사",25
게임 속 이방인으로 살아남기,판타지,상,중,하,남성,185153,9.97,"게임, 생존, 액션",114
가위,"판타지, 액션",중,상,하,남성,384583,9.93,"동양, 신화, 판무",60
구해라,"액션, 개그",상,중,하,남성,132179,9.81,"학원액션, 짝사랑",39
마도소환일지,"무협/사극, 액션",하,중,상,남성,111008,9.82,무협/사극,73
정글음료,"액션, 판타지",상,중,하,남성,519101,9.94,"현대판타지, 열혈, 배틀",170
버려진 너를 위하여,"판타지, 로맨스",중,상,하,여성,372203,9.97,"결혼생활, 왕족",112
가짜퀘스트,"판타지, 액션",상,중,하,남성,428181,9.97,"게임판타지, 회귀, 학원물",169
내향사람,"로맨스, 감성",상,중,하,여성,359557,9.97,"우정, 청춘, 힐링",110
너 혼자 네크로맨서,"판타지, 액션",하,중,상,남성,245063,9.94,"현대, 먼치킨, 상태창",192
이세계 귀농으로 힐링 라이프,"판타지, 일상",중,상,하,남성,142577,9.97,"힐링, 가벼운, 감성적인",67
사내연애 금지!,로맨스,중,상,하,여성,431492,9.83,"첫사랑, 리얼로맨스, 로맨틱코미디",67
돌아온 천재의 슬기로운 청소생활,"판타지, 액션",상,중,하,남성,225127,9.86,"현대판타지, 현대, 회귀",124
가족같은 남자,로맨스,중,상,하,여성,303891,9.94,"연예계로맨스, 햇살남",148
쓰레기의 구조,로맨스,하,중,상,여성,168037,9.85,"설렘폭발, 캠퍼스",31
검은 머리 의사,"판타지, 드라마",하,중,상,남성,85990,9.92,"서양, 환생",31
오삼이 재생 일기,"로맨스, 드라마",중,상,하,여성,173159,9.92,"청춘, 러블리, 재벌",59
내일의 한요일은 여자다,드라마,상,중,하,남성,108470,9.95,"러브코미디, 아이돌",22
유급생,액션,중,상,하,남성,43343,9.98,"학원액션, 복수극, 느와르",16
시한부 천재 기사,"판타지, 액션",상,중,하,남성,173414,9.25,"게임, 상태창, 마법",110
국가직 망나니,드라마,상,중,하,남성,147649,9.9,"현대판타지, 정치",175
검사생활,액션,중,상,하,남성,25787,9.81,"범죄, 복수극, 느와르",10
돌아온찬비,"로맨스, 드라마",상,중,하,여성,257835,9.64,"청춘, 러블리, 짝사랑",62
안녕 그리핀!,"일상, 판타지",상,중,하,여성,42860,9.94,"공감, 일상개그힐링, 동물",9
칼 한 자루로 아카데미를 씹어먹음,"판타지, 액션",상,중,하,남성,127982,9.48,"게임, 상태창",50
쿠베라 리즈,"판타지, 로맨스",하,중,상,남성,481556,9.72,"신화, 마법",707
최강전설,액션,하,중,상,남성,594479,9.4,"학원액션, 성장물, 학원물",621
살아야 하는 남자,"판타지, 드라마",하,상,중,남성,17398,9.96,"생존, 가족",10
저승사자,"무협/사극, 액션",상,중,하,남성,57186,9.89,"오컬트판타지, 성장물",46
배달 알바,드라마,중,상,하,남성,55553,6.53,"고자극드라마, 공감",134
안마사 천마님,"판타지, 개그",상,중,하,남성,63229,9.92,"동양, 성장물",69
오빠 세 명,일상,중,상,하,여성,317970,9.87,"하이틴, 학원로맨스",97
영도의 룸비니,스릴러,중,상,하,남성,56890,9.74,"고자극스릴러, 동양",62
단아중독,스릴러,상,중,하,남성,80651,9.29,"고자극스릴러, 자극적인, 미스터리",101
보스,"판타지, 액션",상,중,하,남성,176486,9.91,"현대판타지, 빌런, 헌터물",116
입립예고,드라마,중,상,하,여성,166013,9.97,"감성적인, 우정, 학원물",79
최강 트롤러,"판타지, 게임",상,중,하,남성,142081,9.91,"서양, 상태창, 성장물",145
배드 블러드,"판타지, 액션",하,중,상,남성,82298,9.96,"배틀, 소년물, 전쟁",46
복수효자,액션,중,상,하,남성,91071,9.85,"정치, 가족, 재벌, 느와르",69
이게 웬 시루,로맨스,중,상,하,여성,192616,9.91,로맨스,70
껍데기들,스릴러,상,중,하,여성,42544,9.72,"고자극스릴러, 학원물",26
규격 외 천재,"판타지, 액션",상,중,하,남성,134212,9.62,"현대판타지, 현대",124
염매 처리 전문,"판타지, 드라마",중,상,하,여성,13125,9.89,"동양풍로맨스, 모험",6
김오진과 동물들,"판타지, 개그",하,중,상,남성,60313,9.96,"힐링, 이세계, 동물",23
후회조차 사치인 너에게,"로맨스, 판타지",중,상,하,여성,100137,9.96,"서양, 결혼생활, 고자극로맨스",65
강아지와 고양이,일상,하,중,상,여성,15182,9.92,"공감, 우정, 청춘",28
마왕까지 한 스텝,"판타지, 액션",상,중,하,남성,234931,9.97,"성장물, 크리처, 서양",220
"늑대가 나를 부르면, ""판타지",로맨스,중,상,하,여성,146993,9.95,"동양, 차원이동",74
첫날밤을 보낸 그 악녀,"판타지, 로맨스",중,상,하,여성,82135,9.97,"서양, 악녀",29
호랑이,액션,하,중,상,남성,44378,9.95,무협/사극,43
싱글대디,판타지,하,중,상,남성,9902,9.91,"액션판타지, 이세계",8
문이과,로맨스,상,중,하,여성,25705,9.88,"청춘, 학원물",11
경계,로맨스,중,상,하,여성,56359,9.9,"러브코미디, 현대, 청춘",20
반한 건 아니지만,로맨스,상,중,하,여성,83154,9.98,"재벌, 리얼로맨스",51
선물,드라마,상,중,하,남성,10804,9.49,"청춘, 성장물, 아이돌",9
권선징악,액션,중,상,하,남성,46741,9.79,액션,42
모두가 너를 사랑해,"스릴러, 액션",상,중,하,남성,52682,9.89,"마법, 먼치킨",24
쑈한 기행,"개그, 일상",중,상,하,여성,16634,9.93,"가벼운, 무해한, 힐링",67
골기퍼,스포츠,상,중,하,남성,57859,9.87,"열혈, 소년물, 우정",67
공작가의 하인,"로맨스, 판타지",상,중,하,여성,51779,9.94,"성장물, 빙의",41
나의 요리,판타지,중,상,하,남성,21111,9.69,"열혈, 배틀, 우정, 성장물",21
마리오네타 줄리아,판타지,상,중,하,남성,53862,9.97,"서양, 미스터리, 성장물",57
언제나 미남,로맨스,상,중,하,여성,73641,9.93,"캠퍼스, 청춘",52
계약 결혼의 말로,"로맨스, 판타지, 개그",상,중,하,여성,23978,9.93,"서양, 마법",13
내가 남장을 하는 이유,"로맨스, 판타지",상,중,하,여성,98850,9.85,"서양, 왕족/귀족",110
장의사,판타지,상,중,하,남성,33514,9.91,"감성적인, 생존",17
순정일지,로맨스,상,중,하,여성,63665,9.95,"로맨스코미디, 캠퍼스로맨스",41
수트,액션,중,상,하,남성,16801,9.27,"액션판타지, 현대, 배틀",22
수영장 소년,스포츠,상,중,하,여성,21782,9.86,"감성적인, 청춘",20
사랑하는 하늘,"로맨스, 감성",상,중,하,여성,107566,9.93,"현대, 우정, 성장물",60
노어덜트존,판타지,중,상,하,남성,39878,9.94,"생존, 이능력, 아포칼립스",36
너무 소환된 건에 대하여,"판타지, 액션",상,중,하,남성,36755,8.1,"이능력, 이세계, 먼치킨",53
나 회춘하다,"판타지, 액션",중,상,하,남성,42358,8.88,"현대, 고인물, 회귀",65
높은레벨,액션,상,중,하,남성,30431,6.67,액션,44
추억의 가게,감성,하,상,중,여성,45320,9.97,"공감, 힐링, 동물",61
내가 키운 미친 너에게 감금당했다,"로맨스, 판타지",상,중,하,여성,74057,9.88,"집착남, 빙의",51
흑역사의 역주행,로맨스,상,중,하,여성,53237,9.94,"다정남, 회귀, 하이틴",30
티라노,"드라마, 일상",상,중,하,여성,23063,9.95,"현대, 가족, 러블리",24
완벽한 나,"로맨스, 개그",상,중,하,여성,33512,9.91,"혐관, 가벼운, 무해한",51
수사9단,"스릴러, 개그",하,중,상,남성,14264,9.81,"미스터리, 프리퀄",50
전생에 혈마,"판타지, 액션",상,중,하,남성,12498,9.52,"환생, 성장물",26
최강클래스 중력자로 최강을 노린다,판타지,중,상,하,남성,56446,8.8,"현대판타지, 소년물, 성장물, 회귀",102
늑대인간 같은 것들,로맨스,상,중,하,여성,61563,9.95,"혐관, 세계관",30
갑자기 최애가 생겼다,로맨스,상,중,하,여성,27029,9.83,"아이돌, 연예계",25
보이지 않는 사랑,로맨스,상,중,하,여성,30371,9.4,"리얼로맨스, 혐관",57
미로 IN 메모리,판타지,중,상,하,남성,27117,9.94,"현대판타지, 성장물",44
책상 낙서,드라마,상,중,하,여성,15646,9.9,"미스터리, 성장물, 4차원",54
괴물의 해안,판타지,중,상,하,여성,15559,9.28,"서양, 모험, 성장물",82
크립티드 로빈,"액션, 판타지",중,상,하,남성,20745,9.73,"현대판타지, 아포칼립스",46
카루나 모험,"판타지, 액션",하,중,상,남성,19041,9.83,"신화, 배틀, 마법, 성장물",247
가짜가 나타난 날,"판타지, 로맨스",상,중,하,여성,24671,9.89,"감성적인, 가족, 후회남",30
누가 다 된댔어?,드라마,상,중,하,여성,14581,9.85,"감성적인, 현대, 오피스, 청춘",68
메리지 블루,로맨스,중,상,하,여성,14126,9.88,"러브코미디, 과거, 타임슬립",40
3차전직 스킵용사,판타지,중,상,하,남성,30209,9.57,"상태창, 게임, 가벼운",86
칠월의 소한,로맨스,중,상,하,여성,15115,9.24,"과거, 동양, 정치",160
랭커랑 연애 불가능,로맨스,상,중,하,여성,41008,9.86,"공감, 게임",36
나를 위해 운명해주세요,로맨스,중,상,하,여성,23143,9.9,"계략남, 명량녀, 혐관",36
나를 싫어하는 여자친구,"드라마, 로맨스",상,중,하,여성,19125,9.81,성장물,44
지구 최강의 학교 생활,"액션, 판타지",상,중,하,남성,14235,9.65,"사이다, 학원액션, 이세계",30
이번 생에도 어린 왕자,로맨스,상,중,하,여성,11957,9.81,"우정, 환생, 성장물",41
갑자기 교주가 된다면,"드라마, 스릴러",상,중,하,남성,11955,9.59,"시리어스, 성장물, 복수극",71
어째서 모두가 나를 사랑하지 않는 거야?!,드라마,상,중,하,여성,13873,9.74,"상태창, 러블리, 학원물",38
쉬프트,스릴러,중,상,하,남성,4334,9.51,"미스터리, 범죄, 복수극",48
내 여자친구는 용사?!,"개그, 판타지, 로맨스",상,중,하,남성,10975,9.54,"현대, 청춘, 차원이동",57
이세계 탈출기,"판타지, 액션",상,중,하,남성,8031,9.51,"절망적인, 용사, 성장물",43
천재가 선을 넘으면 생기는 일,"판타지, 드라마",중,상,하,남성,2668,9.31,"현대, 오피스, 정치",6
천마회귀,"무협",중,상,상,남성,563591,9.9,"사이다,세계관,회귀",160
최고급 영지 설계사,"판타지",중,상,중,남성,611286,9.9,"개그,서양,게임",191
외모최강주의,"드라마",상,상,중,남성,2439999,9.4,"학원액션,소년물,격투기",558
나 혼자 지존렙 뉴비,"판타지",상,상,상,남성,673842,9.9,"하렘,게임,상태창",209
최강남자,"드라마",중,상,상,남성,337425,9.9,"오피스,청춘,능력남",217
재혼 왕후,"로맨스",상,중,상,여성,974556,9.9,"사연녀,다정남,궁중로맨스",222
마음의음성(였던 것),"개그",중,상,상,남성,85307,9.9,"열혈병맛개그,공감,병맛",90
재입대만 8번째,"드라마",중,상,상,남성,61560,9.8,"공감,드라마,밀리터리",18
학원에서 살아남기,"판타지",상,상,중,남성,210475,9.9,"하렘,상태창,아카데미물",84
천하제일인 대사형,"무협",중,상,상,남성,128944,9.9,"사이다,복수극,환골탈태",148
A.I. 닥터큐,"드라마",중,상,상,여성,287256,9.9,"사이다,현대판타지,의학드라마",213
2초,"드라마",상,상,상,남성,606766,9.9,"현대,직업드라마,눈물샘자극",314
퇴마귀록 : 세계편,"판타지",중,중,중,남성,32859,9.9,"오컬트판타지,액션,신화",12
문제적 왕자공주님,"로맨스",중,상,상,여성,270013,9.9,"로맨스코미디,로판",123
어쩌다 천생연분,"로맨스",상,상,중,여성,597015,9.9,"순진남,러브코미디,설렘폭발",122
떼돈구멍,"스릴러",중,중,상,남성,81623,9.8,"사이다,자극적인,고자극스릴러",59
회귀대수선전,"무협",중,중,상,남성,45276,9.9,"액션,회귀,먼치킨",12
언니 이번 생엔 내가 황비야,"로맨스",상,상,중,여성,416023,9.9,"사이다,서양,왕족",159
만렙전사 3부,"액션",중,상,상,남성,123117,9.7,"열혈,게임,소년물",104
커플의 기록,"드라마",중,중,중,남성,45660,8.8,"연애,성장",127
처 죽지 않으려면,"액션",상,상,상,남성,371827,9.8,"학원액션,성장물,격투기",181
휴먼천적,"드라마",하,중,중,남성,25289,9.8,"이능력,액션,로맨스",7
쉐이크핸드,"스포츠",중,중,중,남성,114806,9.9,"열혈,우정,라이벌",90
영웅 킬러,"액션",상,상,상,남성,313672,9.96,"현대판타지,사이다,이능력",233
동서울역 드루이드,"판타지",상,상,상,남성,189926,9.8,"현대판타지,사이다,게임",207
아르마딜로 파,"드라마",중,중,하,여성,70584,9.9,"공감,사회고발,우정",62
폭군님은 나쁘게 살고 싶어,"로맨스",상,상,중,여성,253801,9.9,"순진남,성장로판,마법",127
말년용자,"판타지",상,상,중,남성,188030,9.9,"액션,신화,개그",164
구야는 중고신입,"일상",하,중,중,여성,27060,9.9,"공감,오피스,청춘",110
개주인,"일상",하,중,중,여성,46578,9.9,"공감,개그,힐링",112
감량 워리어,"드라마",중,중,중,여성,19847,9.8,"감성,자극,라이벌",7
고결하고 천박한 나에게,"로맨스",중,상,상,여성,52260,9.9,"서양,정치,왕족",14
헌동네,"스릴러",중,중,상,남성,54571,9.9,"액션,고자극스릴러,참교육",88
실행자,"액션",상,상,중,남성,236803,9.9,"소년물,하이틴,게임판타지",245
악신소년,"액션",중,중,하,남성,10026,9.8,"액션판타지,소년물,가족",6
온리희망,"로맨스",상,상,상,여성,307156,9.9,"미스터리,현대,스릴러",108
도무지 그놈은,"드라마",상,중,중,여성,81770,9.9,"공감,청춘,일상",132
미운백조새끼,"드라마",하,중,중,여성,17672,9.8,"공감,가족,힐링",12
도깨비의 낮,"액션",상,상,중,남성,166150,9.9,"소년물,현대,신화",108
하류남자,"드라마",상,중,하,남성,29482,9.3,"캠퍼스,회귀,리얼로맨스",56
피도 눈물도 없는 용자,"판타지",중,중,하,남성,29104,9.6,"하렘,액션판타지,중세",14
그 기사가 레이디로 산다,"판타지",상,상,중,여성,252891,9.9,"혐관로맨스,삼각관계,빙의",178
남편은 한 명 만으로 족하다,"로맨스",중,상,상,여성,130858,9.9,"게임,왕족,자극적인",70
아티팩트 찾는 플레이어,"판타지",상,중,중,남성,48655,9.7,"액션판타지,게임판타지,먼치킨",29
그대의 외도,"드라마",중,중,상,여성,27971,9.1,"고자극드라마,결혼생활,가족",27
초등학생 그림일기,"일상",하,중,상,여성,34488,9.9,"공감,감성,결혼",61
여동생은 밤에 나를 간택한다,"로맨스",상,중,중,여성,102829,9.9,"까칠녀,가족,재벌",76
시체들의 전투,"판타지",중,중,중,남성,42000,9.9,"액션,배틀,소년물",26
고구려 태왕미제,"무협",하,중,상,남성,20910,9.8,"전쟁,역사물,소년왕도물",17
보이스피싱으로 인생역전,"드라마",하,중,중,남성,50396,9.8,"인생역전,참교육,연예계",51
킬더용,"액션",상,상,중,남성,112579,9.9,"SF액션,미래,이능력",162
그냥저냥 선생님,"일상",상,중,하,여성,95581,9.9,"공감,청춘,로맨틱코미디",274
당신이 잡은 밤,"로맨스",하,중,중,여성,30563,9.8,"재벌남,사연녀,고자극로맨스",19
센스없음,"로맨스",상,중,중,여성,86545,9.9,"순진녀,짝사랑,4차원",84
파티에서 추방된 영웅이 대박,"판타지",상,중,하,남성,66627,9.5,"이능력,배틀,사이다",63
북설애감,"로맨스",중,상,상,여성,73169,9.9,"동양,능력남,사연녀",51
저승파견계약직,"판타지",하,중,중,남성,45895,9.9,"현대판타지,오컬트,성장물",27
만두 생기부,"일상",하,중,중,여성,16454,9.9,"개그,힐링,4차원",35
곱상한 변호사의 아공간,"판타지",하,중,하,여성,15335,9.2,"사이다,법정,직업",13
사냥개의 회귀능력,"판타지",중,중,중,남성,46796,9.6,"액션,중세,회귀",77
암살청과,"개그",중,상,중,남성,74262,9.7,"블랙코미디,액션,병맛",72
그 헌터는 보람 아파트에 산다,"판타지",상,중,중,남성,25804,9.7,"환골탈태,히어로,현대",22
흑요석의 여자,"로맨스",중,상,상,여성,156289,9.8,"순진녀,능력녀,로맨틱코미디",106
조선왕비 선택사건,"로맨스",중,상,상,여성,39636,9.8,"동양풍로맨스,시대물,능글남",42
그렇게 물거품이 되어서,"판타지",상,상,중,남성,129095,9.9,"모험,크리처,성장물",76
세자와 세자빈의 계약결혼전,"드라마",중,상,상,여성,63022,9.9,"동양풍로맨스,결혼생활,왕족",93
뼈왕,"판타지",상,상,중,남성,43449,9.9,"판타지개그,중세,이능력",101
못난이 컴플렉스,"로맨스",상,상,중,여성,82617,9.7,"평범녀,직진남,학원로맨스",45
예뻐요,"로맨스",상,상,중,여성,49082,9.7,"햇살남,공식미녀,아이돌",32
소근소근2,"드라마",중,상,상,여성,39802,9.9,"옴니버스,스릴러,감성",74
셋뿐인 교실,"로맨스",상,중,하,여성,12980,9.8,"청춘,성장물,학원로맨스",10
아라드의 빛: 먼저 뛰는 자,"판타지",중,상,중,남성,41698,9.8,"사이다,던전물,차원이동",63
꿇어보세요 왕자님!,"로맨스",중,중,중,여성,40977,9.9,"명랑녀,로맨틱코미디,까칠남",26
몽홀몽,"무협",중,상,상,남성,95528,9.9,"역사판타지,과거,소년물",511
아이돌냥,"개그",중,중,하,여성,5446,9.9,"성장물,아이돌,일상",3
둘이서는 안 돼!,"로맨스",중,중,중,여성,42854,9.9,"햇살남,소심녀,하이틴",16
천재의 신나는 게임방송,"판타지",중,상,중,남성,38015,9.8,"게임,현대,액션",58
미드오트,"판타지",상,중,중,남성,83657,9.9,"액션판타지,이능력,회귀",152
서울대카르텔,"드라마",중,중,하,남성,6216,5.9,"고자극드라마,캠퍼스,현대",21
훈녀생활,"로맨스",하,중,중,여성,23050,9.8,"빙의,로맨스코미디,학원로맨스",21
염마전사,무협,하,중,하,남성,8832,9.7,"오컬트판타지,액션판타지,동양풍",26
절세미남 망나니 뼈되다,"판타지",하,중,중,남성,32384,9.9,"병맛,개그,환골탈태",57
괴물 의상옷집,"드라마",중,중,하,여성,52609,9.9,"크리처,판타지,성장물",75
옹달샘 프로덕트,"개그",하,중,중,여성,13428,9.9,"일상개그힐링,판타지개그,우정",21
3분의 2가 없어도,"로맨스",하,중,중,여성,59484,9.8,"결혼생활,명랑녀,다정남",81
소년경찰관,"액션",중,중,중,남성,32965,9.6,"사이다,학원액션,액션",34
달이 없는 국가,"로맨스",중,상,중,여성,100691,9.9,"궁중로맨스,퓨전사극,성장드라마",148
회귀자는 나를 지킨다,"판타지",하,중,하,남성,14122,9.6,"데스게임,아포칼립스,회귀",42
들멍이,"드라마",중,중,하,남성,7683,9.0,"사회고발,가족,학원물",43
퇴출행성 노래,"로맨스",중,중,중,여성,30511,9.9,"연예계로맨스,우정,라이벌",25
콜미로맨티스트,"스릴러",중,중,중,여성,33712,9.9,"집착남,삼각관계,로맨스스릴러",82
천년게임,"판타지",중,상,중,남성,77668,9.8,"게임,서바이벌,성장물",269
별의 눈물,"드라마",하,중,중,여성,6228,9.8,"현대판타지,로맨스,감성",30
천재 고양이 김순자,"개그",하,중,중,여성,5993,9.4,"일상개그힐링,일상,동물",80
존 웹스터 절도 사건,"드라마",상,중,하,여성,3363,8.9,"우정,가족,음악",24
악신남자,"액션",상,중,중,남성,10157,9.8,"액션판타지,소년물,가족",6
암살청고,"개그",상,상,중,남성,74261,9.4,"블랙코미디,액션,병맛",72
호랑이동생,판타지,중,상,하,남성,909268,9.7,"명작,세계관,판무",425
인간의시대,"액션,판타지",상,중,하,남성,547978,9.8,"현대,소년물,액션",199
천마전생기,"무협/사극,액션",중,상,하,남성,278329,9.9,"전쟁,성장물",129
절대자,"무협/사극,액션",중,상,하,남성,241178,9.9,"미친작화,정통무협",53
배드킬러,"액션,판타지,일상",상,중,하,남성,528250,9.9,"시리어스,범죄,고인물",104
난초의싸움,"개그,일상",중,상,하,여성,189186,9.8,"무해한,햇살캐,힐링",146
100강화방망이,"판타지,액션",상,중,하,남성,562515,9.4,"사이다,게임,유혹녀",166
여덜수,"일상,로맨스,드라마",중,상,하,여성,476567,9.9,"공감,현대,청춘",262
내일을보는기사,"판타지,액션",하,중,상,남성,158745,9.9,"용사,시리어스",69
유비코믹스,로맨스,상,중,하,남성,441510,9.9,"러블리,비밀연애,오피스",182
오펜스게임,판타지,중,상,하,남성,228331,9.9,"상태창,게임,판타지",138
세례,로맨스,상,중,하,남성,549789,9.9,"결혼생활,왕족/귀족,무심남",120
경찰살해사건,액션,중,상,하,남성,276382,9.6,"동양,환생,참교육",108
교주의환생,"무협/사극,액션",중,상,하,남성,258349,9.9,"타임슬립,환생,과거",165
성공한가문의회귀자,"판타지,액션",상,중,하,남성,111286,9.8,"가족,성장물,서양",92
경찰행동,판타지,중,상,하,남성,72081,9.9,"사이다,현대,오피스",84
나는바뀐다,드라마,중,상,하,여성,316166,9.9,"자극적인,사회고발,빌런",308
공부하자,액션,상,중,하,남성,733045,9.8,"힘숨찐,학원물",289
기사란,"판타지,액션",중,상,하,남성,253208,9.8,"정치,전쟁,크리처",768
노예의검,"무협/사극,액션,판타지",중,상,하,남성,112482,9.8,"동양,신화,크리처",97
나의해방자,로맨스,중,상,하,여성,217491,9.8,"서양,자극적인,사연남",81
과거안숨김,판타지,상,중,하,남성,144861,9.9,"게임판타지,먼치킨,빙의",81
전문힐러,"판타지,액션",중,상,하,남성,162592,9.9,"액션판타지,상태창,마법",114
귀족의힘,판타지,상,중,하,남성,161104,9.8,"상태창,이능력,배틀물",101
환승연애,로맨스,중,상,하,여성,88979,6.7,로맨스,24
캠퍼스로맨스,"로맨스,드라마,일상",상,중,하,여성,350120,9.9,"공감,유혹남,청춘",141
붕어빵아저씨,"드라마,일상",중,상,하,남성,77290,9.9,"공감,감성적인,우정",43
용사,"무협/사극,판타지",중,상,하,남성,45977,9.8,"동양,우정,액션",67
취사병은바쁘다,"판타지,액션",상,중,하,남성,72342,9.8,"상태창,사이다,이능력",90
결혼해줘,"일상,드라마,로맨스",하,중,상,여성,329219,9.9,"가족,가벼운,공감",1171
미국시골,"일상,드라마",하,상,중,남성,48054,9.7,"가족,결혼생활,공감",203
길드아이돌,"드라마,액션",중,상,하,여성,167430,9.9,"성장물,예술,서바이벌",59
홍시먹고싶다,로맨스,상,중,하,여성,354391,9.9,"캠퍼스,청춘,설렘",332
특성의박전사,"판타지,액션",하,중,상,남성,49013,9.9,"게임,배틀,모험",50
기억잃은남편,로맨스,중,상,하,여성,207589,9.9,"순정남,집착남,소심녀",87
방구석절대자,판타지,중,상,하,남성,76326,9.9,판타지,40
스트릿춤천재,드라마,상,중,하,남성,153502,9.9,"예술,소년물,라이벌",77
동경환상기,드라마,중,상,하,여성,37627,9.9,"시대물,우정,가족",14
못생긴옷,판타지,중,상,하,남성,309748,9.8,"배틀,우정,가족",334
은퇴하고싶다,"판타지,액션",하,중,상,남성,93098,9.9,"현대,크리처,고인물",85
고궤도인간,드라마,하,상,중,남성,13894,9.9,"예술,현대,감성",8
리로드진입,판타지,하,상,중,남성,93827,9.8,판타지,111
좋은용사,"판타지,액션,개그",상,중,하,남성,50766,9.9,"상태창,열혈,소년물",44
나에게구원을,드라마,상,중,하,여성,39874,9.9,"우정,성장,레트로",42
인어납치사건,"로맨스,판타지",상,중,하,남성,117277,9.9,"유혹남,후회남,인외존재",32
악마의일상,판타지,중,상,하,남성,22700,9.9,"오컬트,현대,인외존재",41
귀머거리전학생,액션,상,중,하,남성,20511,9.1,"사이다,소년물,학원물",17
죽어보자,드라마,하,중,상,남성,62685,10,"드라마,감성적인,공감",48
좋은일찐,로맨스,상,중,하,남성,36498,8.3,"까칠녀,순진남,현대",33
토끼키우기,"로맨스,판타지",상,중,하,여성,69393,9.9,"결혼생활,가족,명량녀",71
허술한계약,로맨스,상,중,하,남성,61935,9.8,"리얼로맨스,무심남,능력남",74
모두가최강이라면,"판타지,액션",상,중,하,남성,60460,9.7,"현대,마법,아카데미물",64
천생원수,로맨스,상,중,하,여성,249774,9.8,"과거,동양,시대물",162
마왕참수인,"판타지,액션",하,중,상,남성,68996,9.4,"중세,서양,마법",160
사신이되겠다,"액션,드라마",중,상,하,남성,59785,9.8,"오컬트,참교육,자극적인",62
우리집늑대들,로맨스,상,중,하,여성,40518,9.9,"감성적인,우정,가족",23
초보자도따라하자,"액션,판타지",상,중,하,남성,25709,9.9,"히어로,고인물,머니게임",33
중독을향하여,로맨스,상,중,하,여성,109694,9.7,"집착남,공식미녀,미스터리",83
설탕은위험하다,"드라마,로맨스",상,중,하,여성,8334,9.8,"청춘,성장물,학원물",8
세이렌의노래,"스릴러,드라마",중,상,하,여성,70166,9.9,"시리어스,서양,미스터리",62
다시열여섯,로맨스,상,중,하,여성,48551,9.9,"회귀,학원물,타임슬립",36
요괴괴,"판타지,액션",중,상,하,남성,22598,9.9,"오컬트,동양,환생",24
만수무강하자,스릴러,중,상,하,여성,30702,9.5,"고자극,미스터리,범죄",62
용서는없다,로맨스,상,중,하,여성,32658,9.9,"첫사랑,서양,후회남",35
살인자의목격자개,드라마,상,중,하,여성,11419,10,"자극적인,치명적인",14
띵왕,액션,상,중,하,남성,21072,9.6,"학원물,소년물,성장물",36
젊어서고생,"드라마,로맨스",상,중,하,여성,61688,9.9,"오피스,청춘,평범녀,성장물",176
술은쓰다,"판타지,로맨스",중,상,하,남성,47513,9.8,"능력남,치명적인,유혹남",35
백귀야행,"판타지,액션",중,상,하,남성,21436,8.6,"동양,신화,크리처",90
밤은길다,액션,하,중,상,남성,18605,9.6,"오컬트,액션,느와르",43
고양이,"판타지,액션",중,상,하,남성,35727,9.5,"소년물,모험,성장물",41
심장이콩닥콩닥,"로맨스,판타지",상,중,하,여성,63923,9.8,"동양,과거,무심남",86
복식클럽,"드라마,개그",중,상,하,여성,16419,9.9,"감성적인,설렘,공감",22
네모난그녀과감한남자,로맨스,상,중,하,여성,31406,9.7,"감성적인,햇살녀",120
나비를베는검,로맨스,상,중,하,남성,54783,9.9,로맨스,54
비밀을말해줘,"드라마,일상",중,상,하,여성,40707,10,"사이다,감성적인,공감",100
근미래의비밀,판타지,중,상,하,여성,22452,9.8,"판타지,세계관,두뇌싸움",73
난장판오디션,드라마,상,중,하,여성,20285,9.9,"아이돌,서바이벌,드라마",52
수호를수호,"로맨스,판타지,스릴러",상,중,하,남성,38965,9.8,"햇살남,소년물,성장물",77
두판,"스포츠,일상,드라마",하,중,상,남성,19071,9.7,"우정,청춘,라이벌",57
개산책,로맨스,하,상,중,여성,14460,10,"대형견남,명량녀,햇살녀",32
렉카운전사,액션,상,중,하,남성,5340,9,"학원물,범죄,복수극",17
하얀거짓말,로맨스,하,상,중,여성,14984,9.8,"리얼로맨스,재벌,폭스남",78
합법구역,"개그,일상",하,상,중,여성,9853,9.5,"성장물,무해한,명량녀",50
고양이데이트,로맨스,상,중,하,여성,37309,9.6,"하이팅,학원물,인플루언서",90
아름다운일기,"일상,개그",중,상,하,여성,489317,9.9,"결혼생활,가벼운,힐링",164
입학1일차,액션,상,중,하,남성,724223,9.9,"우정,가족,참교육",249
괴괴괴담,스릴러,중,상,하,남성,177208,9.8,"자극적인,참교육,오컬트",78
대공자사서,"무협/사극,판타지",하,상,중,남성,198863,9.9,"사이다,동양,빙의",139
일타강사사부,"무협/사극,판타지,액션",하,상,중,남성,292854,9.8,소설원작,134
권수환생,"무협/사극,액션",하,상,중,남성,68694,9.9,"사이다,환생,세계관",12
판사김한영,드라마,중,상,하,여성,199404,9.9,"현대,사회고발,범죄",229
속지마,로맨스,중,상,하,여성,207300,9.9,"설렘,캠퍼스,현대",10
소녀교도소,액션,상,중,하,남성,217733,3.0,"가족,혐관,참교육",60
근대동물기,드라마,하,상,중,남성,107033,9.5,"감성적인,옴니버스,힐링",29
학교천재칼잡이,"판타지,액션",중,상,하,남성,247223,9.8,"크리처,용사,아카데미물",111
4회차환관,"판타지,개그,무협/사극",하,중,상,남성,97873,9.5,"세계관,회귀,소설원작",51
청춘묵시룩,로맨스,상,중,하,여성,557273,10.0,"하이팅,청춘,학원물",114
수희10,드라마,중,상,하,남성,243916,8.7,"고자극,시리어스,공감",212
사사건똑,드라마,하,중,상,남성,29686,9.7,드라마,15
모두가무한성장,판타지,상,중,하,남성,184392,9.5,"사이다,현대,상태창",147
태정태세,무협/사극,하,상,중,남성,39499,9.6,소설원작,7
여사친,로맨스,상,중,하,남성,155586,10.0,"우정,짝사랑,로코",31
아람전,"액션,판타지",하,중,상,남성,56640,10.0,"현대,이능력,성장물",184
위장취업들킬뻔,판타지,중,상,하,남성,239278,9.9,소설원작,131
오해없는축구천재,스포츠,상,중,하,남성,107602,9.7,소설원작,36
분신은반항한다,판타지,중,상,하,남성,156564,9.9,"판타지,상태창,이능력",154
헬창무림전생기,"무협/사극,액션,판타지",하,중,상,남성,73712,9.9,"고인물,직업드라마,동양",73
마왕생활기록부,개그,상,중,하,남성,24435,9.9,개그,9
지는샷,스포츠,상,중,하,남성,183005,9.9,"라이벌,청춘,우정",139
제자들이구독중,"액션,무협/사극",하,중,상,남성,50868,9.9,"모험,성장물,소설원작",53
배달의주민,드라마,하,상,중,남성,55520,3.4,"공감,자본주의",135
재벌의민낯,드라마,중,상,하,남성,56317,9.9,"오피스,고인물,재벌",76
붉은남방,액션,상,중,하,남성,87026,9.8,"전쟁,복수극,먼치킨",19
용사보다약하니사리자,액션,상,중,하,남성,118238,9.8,"신화,마법,소년물",82
고수가눈떠보니여자,로맨스,상,중,하,남성,241219,9.9,"동양,왕족,능력녀",116
무적은개뿔,"개그,무협/사극,판타지",중,상,하,남성,95470,9.7,"하렘,러브코미디",42
청춘은돈없어,로맨스,상,중,하,여성,41535,9.7,"러브코미디,설렘폭발,청춘",10
냉동참치,액션,중,상,하,남성,60764,9.4,"동양,복수극,먼치킨",29
막차가끊기면안돼,로맨스,상,중,하,남성,112506,10.0,"러브코미디,설렘,청춘",38
구운몽리메이크,판타지,중,상,하,남성,33854,9.9,"하렘,소년물,성장물",13
마법사가왜주먹써,"액션,판타지",중,상,하,남성,37218,9.9,"사이다,열혈,중세",29
개와고양이,"일상,개그",중,상,하,여성,15289,9.9,"공감,우정,청춘",29
프로파일러의하루,드라마,중,상,하,남성,34945,9.9,"시리어스,범죄,직업드라마",8
상사가누구지,로맨스,중,상,하,여성,186942,9.9,"오피스,무심남,설렘",81
천자전성시대,개그,상,중,하,여성,60601,9.9,"오피스,병맛,가벼운",209
이웃집연상,로맨스,상,중,하,여성,161095,9.9,"현대,순정남,다정남",78
환생놈,"액션,판타지",중,상,하,남성,76432,7.6,"신화,상태창,이능력",93
신선도담배한다,판타지,상,중,하,남성,106794,9.9,"이능력,신화,상태창",135
검은마크,"액션,판타지",중,상,하,남성,73971,9.9,"사이다,신화,소년물",55
완전한신데렐라,로맨스,상,중,하,여성,149123,9.9,"청춘,집착남,명랑녀",91
지하낙원,스릴러,중,상,하,여성,49881,9.8,"자극적인,절망적인,현대",24
서울이갑자기,스릴러,상,중,하,남성,262726,9.8,"아포칼립스,시리어스,현대",181
조선왕들이핸드폰함,개그,중,상,하,남성,460085,3.4,개그,423
득근득근근연시,"드라마,판타지",상,중,하,남성,69803,9.9,"게임,상태창,사연녀",26
다구리의제왕,"판타지,액션",상,중,하,남성,53415,9.8,"사이다,판타지",25
하나만이전부,"로맨스,드라마",중,상,하,여성,63212,10.0,"감성적인,오피스,결혼생활",19
스캔들터짐,로맨스,상,중,하,여성,66030,10.0,"자극적인,절망적인,치명적인",19
검객,"판타지,개그,액션",상,중,하,남성,50017,9.7,"가벼운,병맛,무협/사극",59
마탑의천재들,"판타지,액션",중,상,하,남성,43556,9.9,"이능력,마법,소년물",23
공주님이위험해,개그,중,상,하,여성,101952,9.3,"이능력,왕족/귀족,병맛",129
난괜찮아넌,로맨스,중,상,하,여성,116178,9.9,"설렘,캠퍼스,청춘",52
던전용사,"판타지,액션",하,중,상,남성,30316,9.9,"이능력,마법,소년물",35
후원에미침,스릴러,하,상,중,남성,10247,8.7,"고자극,치명적,자극적",16
뒤가없는놈,"액션,일상",상,중,하,남성,104387,9.6,"사이다,학원물,우정",91
이혼일기,로맨스,상,중,하,여성,50816,9.9,"감성적인,청춘,무해한",117
흉가는위험해,스릴러,상,중,하,남성,41955,9.9,"오컬트,공포,학원물",41
근대사만화,"드라마,개그",하,중,상,남성,12011,9.8,"블랙코미디,공감,자본주의",21
무지개너머,"드라마,액션,스릴러",하,중,상,남성,13999,9.8,"생존,좀비,아포칼립스",19
선배이름뭐에요,로맨스,상,중,하,남성,108117,9.8,"순진남,청춘,캠퍼스",57
감정이없다,로맨스,중,상,하,여성,62722,9.8,"청춘,캠퍼스,로맨스",49
살해예고,스릴러,중,상,하,남성,45625,9.9,"시리어스,범죄",33
악마의총,판타지,상,중,하,남성,137986,9.9,"서바이벌,헌터물,인외존재",199
고백해줘,로맨스,중,상,하,여성,10000,9.7,"햇살남,연하남,능력녀",16
죽고싶다,로맨스,상,중,하,여성,72351,8.6,"힐링,구원서사,소설원작",80
빙의자인데특전주세요,판타지,상,중,하,여성,40693,9.8,"로판,빙의,소설원작",35
이별이생각날때,로맨스,중,상,하,여성,18645,9.9,"리얼로맨스,과거,동양",23
추악한오브리,로맨스,상,중,하,여성,33025,9.9,"무심녀,집착남,로판",32
용사가방치당함,개그,하,중,상,남성,14165,9.7,"병맛,열혈,블랙코미디",63
경찰내니,로맨스,중,상,하,여성,32156,9.9,"능력남,재벌,나쁜남자",67
헬창던전,액션,중,상,하,남성,38545,9.9,"사이다,4차원,이세계",102
재난과재앙사이,로맨스,상,중,하,여성,38851,9.8,"우정,청춘,무심남",64
모두가어쩌고,판타지,상,중,하,남성,22886,9.1,"아포칼립스,병맛,현대",48
로망은없다,"드라마,로맨스,스릴러",상,중,하,여성,10528,9.6,"햇살남,스릴러,복수극",30
4월의요괴,"판타지,로맨스",상,중,하,남성,14157,10.0,"러브코미디,동양풍,현대",25
이사랑없애줘,"액션,개그",상,중,하,남성,26424,9.9,"청춘,무심남,가벼운",54
s0s는구조신호,로맨스,상,중,하,여성,48139,10.0,"순진남,짝사랑,청춘",70
누가답지빈칸이야,로맨스,상,중,하,여성,19970,9.9,"학원물,재회,구원서사",26
아이들의공간,판타지,중,상,하,여성,50251,9.8,"아이돌,인외존재,뱀파이어",73
도와줄게,"판타지,액션",상,중,하,남성,4732,9.7,"아포칼립스,가족,소꿉친구",15
